feature,abs_coef
MMM-YY,4.453850355872361
Total Business Value,2.0104934668565817
Dateofjoining,0.8857285957855062
TenureMonths.,0.6160292049214323
Quarterly Rating,0.4412731862841472
Age,0.15775800988958869
Salary,0.12702744954468104
City,0.10640580069291145
Gender,0.0989949315234891
Education_Level,0.06377632451540978
Designation,0.01677010423824099
Joining Designation,0.00790950487389509
