feature,importance
MMM-YY,0.49612396600563424
Total Business Value,0.14906221544251794
Dateofjoining,0.11957573970847216
Quarterly Rating,0.06958802249858118
TenureMonths.,0.048479156646424264
Salary,0.03691519413618077
City,0.025702153599392815
Age,0.02267395077086819
Designation,0.009900922444566437
Joining Designation,0.008303052245740503
Education_Level,0.00814050444514896
Gender,0.0055351220564724395
